580ca2bb-f799-4ae8-a769-86b88e4927a1,d779bc2b-5b1f-42d0-9855-6be86af0f123,1000
580ca2bb-f799-4ae8-a769-86b88e4927a1,72858807-c55f-4ca2-9b60-4df473f6e21f,200
580ca2bb-f799-4ae8-a769-86b88e4927a1,012410b0-cd7c-4e9f-b7c3-4b9ae05d4bda,1000
c2cc7ec6-4eb5-47b1-a757-a56b4e9953ff,0be838e9-a78c-43cf-b7c9-f81e06cf68ac,200
c2cc7ec6-4eb5-47b1-a757-a56b4e9953ff,46d72c77-8e42-44d9-bba0-ed20c818861b,18823
c2cc7ec6-4eb5-47b1-a757-a56b4e9953ff,31c7850c-9f9c-4fed-9fa6-ddb3efd21a9e,1000
637d0919-6e33-4ca9-940f-2a027ff80a49,4b8fa186-329d-499f-add7-6238f71b1b0e,100
637d0919-6e33-4ca9-940f-2a027ff80a49,4948e5bf-e178-4209-a6d9-753afa5cc806,100
637d0919-6e33-4ca9-940f-2a027ff80a49,f0ec5d58-3d5c-4b8e-a7cf-6324f97f5b38,100
268b83af-2837-4b81-b225-5d400f5a2f6e,0cde0947-9756-4a88-a121-0af3875e7ec2,320
